id,大会名,年,rule_view,不足項目,公式規約URL,URL監査,監査メモ,participants,power,movement,call_method,counterparts,frequency,restrictions,exchange,repeat,表示内容の根拠,今回の修正,不明点
ai_chikyu,愛・地球博記念コンテスト,2026,9/9 明示登録,,https://www.tokai-jarl.jp/tkitest/regulation/21st-ai.html,登録済,現行rule_view 9項目が揃っており、今後の表示基準にできる / 呼出確認: 電話 CQ AIコンテスト（またはCQ 愛コンテスト）／電信 CQ AI TEST,日本国内の陸上で運用するアマチュア局およびSWL。,電話部門は20W以下（HF帯は10W以下）。QRP種目は5W以下。モリゾー＆キッコロ種目は20W以下（HF帯は10W以下）。,コンテスト中の運用場所変更は禁止。ただし、コンテスト参加の目的で常置場所を離れ移動運用するシングルオペに限り、運用開始時のマルチプライヤー内での場所変更を認める。移動運用局は運用場所を市区町村名まで明記する。,"電話：CQ AIコンテスト（またはCQ 愛コンテスト）
電信：CQ AI TEST",管外局同士の交信も有効な全国型コンテスト。,JARLコンテスト使用周波数帯、および1200MHz以上の各アマチュアバンド。1200MHz以上は総務省告示の「アマチュア業務に使用する電波の型式及び周波数の使用区別」による。,D-STARの交信はDVモード（デジタル音声通信）かつシンプレックス。モリゾー＆キッコロ種目は2波以上の電波の同時発射を禁止。運用場所変更の条件は「移動運用」欄を参照。,RS(T) + 自局の運用場所を示す都府県支庁ナンバー。,同一バンドの同一局は、電信・電話（FM/SSB等）・電話（D-STAR）の各区分でそれぞれ1交信まで得点可。,docs/contest-research/sources/ai_chikyuhaku_2026.html,なし,
all_akita,第40回オール秋田コンテスト,2026,9/9 明示登録,,,URL未登録,URL未登録。JARL秋田県支部公式2026規約あり / 呼出確認: 電信 県内 CQ AT TEST・県外 CQ ATG TEST／電話 CQオール秋田コンテスト,国内のアマチュア局・SWL。県内局は秋田県内で運用する局、県外局はそれ以外。8J7等の記念局での運用はチェックログ扱いです。,QRP種目は5W以下。その他の種目について、2026年規約に大会独自の一律出力上限は記載されていません。,移動は種目ごとのマルチプライヤーが変わらない範囲内で認められます。移動地はサマリーに記載します。上空・海上移動は不可。,"電信：県内局 CQ AT TEST／県外局 CQ ATG TEST
電話：CQ オール秋田コンテスト（県内局は自局コール送出時に「秋田県内局」と付ける）",県内局は県内を含む全国の局、県外局は秋田県内の局が交信相手です。,各バンドのJARLコンテスト使用周波数帯と総務省告示の使用区別に従います。種目別の対象バンドは公式規約の表を参照してください。,上空・海上移動とレピーター使用は不可。マルチオペは2人以上の運用（アシストも含む）。2種目提出には組合せ制限があります。,県内局：RS(T)＋秋田県内の市町村略号。県外局：RS(T)＋都府県・北海道地域等の番号。,同一局・同一バンドでも電信と電話はそれぞれ得点可。同一バンド・同一モードの重複交信は得点不可。,docs/contest-research/sources/all_akita_2026.pdf (利用者添付・公式規約),表示専用データ追加,2026公式URL未特定（保存済み利用者提供規約を使用）
all_aomori,第20回オール青森コンテスト,2026,0/9 明示登録,"participants,power,movement,call_method,counterparts,frequency,restrictions,exchange,repeat",https://jarl-aomori.sakura.ne.jp/contest/all-aomori/,登録済,呼出確認: 電話 CQ青森コンテスト／電信 県内 CQ AMA TEST・県外 CQ AM TEST,,,,,,,,,,未照合（登録URLおよび保存資料の確認が必要）,なし,participants / power / movement / call_method / counterparts / frequency / restrictions / exchange / repeat
all_asian_dx_cw,ALL ASIAN DX CW,2026,0/9 明示登録,"participants,power,movement,call_method,counterparts,frequency,restrictions,exchange,repeat",https://www.jarl.org/Japanese/1_Tanoshimo/1-1_Contest/aadx_rules.html,登録済,,,,,,,,,,,未照合（登録URLおよび保存資料の確認が必要）,なし,participants / power / movement / call_method / counterparts / frequency / restrictions / exchange / repeat
all_asian_dx_phone,ALL ASIAN DX Phone,2026,0/9 明示登録,"participants,power,movement,call_method,counterparts,frequency,restrictions,exchange,repeat",https://www.jarl.org/Japanese/1_Tanoshimo/1-1_Contest/aadx_rules.html,登録済,,,,,,,,,,,未照合（登録URLおよび保存資料の確認が必要）,なし,participants / power / movement / call_method / counterparts / frequency / restrictions / exchange / repeat
all_chiba,オール千葉コンテスト,2026,0/9 明示登録,"participants,power,movement,call_method,counterparts,frequency,restrictions,exchange,repeat",http://jarl-chiba.info/2026test/2026info.pdf,登録済,,,,,,,,,,,未照合（登録URLおよび保存資料の確認が必要）,なし,participants / power / movement / call_method / counterparts / frequency / restrictions / exchange / repeat
all_gifu,第29回オール岐阜コンテスト,2026,0/9 明示登録,"participants,power,movement,call_method,counterparts,frequency,restrictions,exchange,repeat",https://jarl-gifu.up.seesaa.net/image/E7ACAC29E59B9EE382AAE383BCE383ABE5B290E9989CE382B3E383B3E38386E382B9E38388E383BBE8A68FE7B484.pdf,登録済,,,,,,,,,,,未照合（登録URLおよび保存資料の確認が必要）,なし,participants / power / movement / call_method / counterparts / frequency / restrictions / exchange / repeat
all_gunma,第54回オール群馬コンテスト,2026,0/9 明示登録,"participants,power,movement,call_method,counterparts,frequency,restrictions,exchange,repeat",https://agc.akagi76.com/wp-content/uploads/2026agcrule.pdf,登録済,,,,,,,,,,,未照合（登録URLおよび保存資料の確認が必要）,なし,participants / power / movement / call_method / counterparts / frequency / restrictions / exchange / repeat
all_hyogo,オール兵庫コンテスト,2026,0/9 明示登録,"participants,power,movement,call_method,counterparts,frequency,restrictions,exchange,repeat",https://www.jarl.com/hyogo/contest/contest2026/2026-ALL-HG_rule.pdf,登録済,,,,,,,,,,,未照合（登録URLおよび保存資料の確認が必要）,なし,participants / power / movement / call_method / counterparts / frequency / restrictions / exchange / repeat
all_ja0_160m,ALL JA0 1.8MHzコンテスト,2025,0/9 明示登録,"participants,power,movement,call_method,counterparts,frequency,restrictions,exchange,repeat",https://jarl-nn.asama-net.com/index.php?html_id=00000503,登録済,,,,,,,,,,,未照合（登録URLおよび保存資料の確認が必要）,なし,participants / power / movement / call_method / counterparts / frequency / restrictions / exchange / repeat
all_ja0_35,ALL JA0 3.5MHzコンテスト,2026,0/9 明示登録,"participants,power,movement,call_method,counterparts,frequency,restrictions,exchange,repeat",https://jarl-nn.asama-net.com/index.php?html_id=00000510,登録済,,,,,,,,,,,未照合（登録URLおよび保存資料の確認が必要）,なし,participants / power / movement / call_method / counterparts / frequency / restrictions / exchange / repeat
all_ja0_7,ALL JA0 7MHzコンテスト,2026,0/9 明示登録,"participants,power,movement,call_method,counterparts,frequency,restrictions,exchange,repeat",https://jarl-nn.asama-net.com/index.php?html_id=00000510,登録済,,,,,,,,,,,未照合（登録URLおよび保存資料の確認が必要）,なし,participants / power / movement / call_method / counterparts / frequency / restrictions / exchange / repeat
all_ja4,第4回オールJA4コンテスト,2026,0/9 明示登録,"participants,power,movement,call_method,counterparts,frequency,restrictions,exchange,repeat",http://ja4test.mydns.jp/ja4test_04.html,登録済,呼出確認: 電信 CQ JA4 TEST／電話 CQオールJA4コンテスト または CQ JA4コンテスト,,,,,,,,,,未照合（登録URLおよび保存資料の確認が必要）,なし,participants / power / movement / call_method / counterparts / frequency / restrictions / exchange / repeat
all_ja5,ALL JA5コンテスト,2026,0/9 明示登録,"participants,power,movement,call_method,counterparts,frequency,restrictions,exchange,repeat",https://www.jarl.com/shikoku/oa-08/index.html,登録済,,,,,,,,,,,未照合（登録URLおよび保存資料の確認が必要）,なし,participants / power / movement / call_method / counterparts / frequency / restrictions / exchange / repeat
all_ja8,2026 ALL JA8コンテスト,2026,1/9 明示登録,"participants,power,movement,call_method,counterparts,frequency,exchange,repeat",https://jarl.hokkaido.jp/wp-content/uploads/2026/04/6983fec72be466a5b0f356b6234f10b2.pdf,登録済,呼出確認: 電信 CQ JA8 TEST／電話 CQ JA8コンテスト,,,,,,,常置場所を離れてコンテスト参加のために移動するシングルオペは、運用開始時のマルチプライヤー内で場所変更を認められます。年代別符号はマルチオペがM、年代非公開を希望する場合はXです。10代・符号Aの参加者には奨励賞があります。その他の交信禁止事項はJARLコンテスト規約によります。,,,docs/contest-research/sources/all_ja8_2026.txt,特殊なルール・提出時の注意を追加,"participants,power,movement,call_method,counterparts,frequency,exchange,repeat"
all_ja,ALL JAコンテスト,2026,0/9 明示登録,"participants,power,movement,call_method,counterparts,frequency,restrictions,exchange,repeat",https://www.jarl.org/Japanese/1_Tanoshimo/1-1_Contest/allja_rules.html,登録済,呼出確認: 電話 CQコンテスト（またはCQ JAコンテスト）／電信 CQ TEST（またはCQ JA TEST）,,,,,,,,,,未照合（登録URLおよび保存資料の確認が必要）,なし,participants / power / movement / call_method / counterparts / frequency / restrictions / exchange / repeat
all_ja_cg,全市全郡コンテスト,2026,0/9 明示登録,"participants,power,movement,call_method,counterparts,frequency,restrictions,exchange,repeat",https://www.jarl.org/Japanese/1_Tanoshimo/1-1_Contest/acag_rules.html,登録済,,,,,,,,,,,未照合（登録URLおよび保存資料の確認が必要）,なし,participants / power / movement / call_method / counterparts / frequency / restrictions / exchange / repeat
all_kanagawa,第55回オール神奈川コンテスト,2026,0/9 明示登録,"participants,power,movement,call_method,counterparts,frequency,restrictions,exchange,repeat",https://www.jarlkn.info/application/files/9917/7020/6189/55.pdf,登録済,,,,,,,,,,,未照合（登録URLおよび保存資料の確認が必要）,なし,participants / power / movement / call_method / counterparts / frequency / restrictions / exchange / repeat
all_kumamoto,2026オール熊本コンテスト,2026,0/9 明示登録,"participants,power,movement,call_method,counterparts,frequency,restrictions,exchange,repeat",https://www.jarl.com/kmtest/2026allkumamotoreg.pdf,登録済,,,,,,,,,,,未照合（登録URLおよび保存資料の確認が必要）,なし,participants / power / movement / call_method / counterparts / frequency / restrictions / exchange / repeat
all_kushiro,第45回オール釧根コンテスト,2026,0/9 明示登録,"participants,power,movement,call_method,counterparts,frequency,restrictions,exchange,repeat",https://www.jarl.com/senkon/kn_pdf/45con_%E8%A6%8F%E4%BF%AE%E6%AD%A33_1.pdf,登録済,,,,,,,,,,,未照合（登録URLおよび保存資料の確認が必要）,なし,participants / power / movement / call_method / counterparts / frequency / restrictions / exchange / repeat
all_kyushu,第47回オール九州コンテスト,2026,0/9 明示登録,"participants,power,movement,call_method,counterparts,frequency,restrictions,exchange,repeat",https://www.jarl.com/kyushu/contest/４７規約.pdf,登録済,,,,,,,,,,,未照合（登録URLおよび保存資料の確認が必要）,なし,participants / power / movement / call_method / counterparts / frequency / restrictions / exchange / repeat
all_mie_33,第49回オール三重33コンテスト,2026,0/9 明示登録,"participants,power,movement,call_method,counterparts,frequency,restrictions,exchange,repeat",https://www.ztv.ne.jp/isoda/33/annual/49/49rule.pdf,登録済,呼出確認: 県内 CQ ME TEST／県人 CQ MEJ TEST／県外 CQ MEX TEST（電話版も区分あり）,,,,,,,,,,未照合（登録URLおよび保存資料の確認が必要）,なし,participants / power / movement / call_method / counterparts / frequency / restrictions / exchange / repeat
all_miyagi,第47回オール宮城コンテスト,2026,0/9 明示登録,"participants,power,movement,call_method,counterparts,frequency,restrictions,exchange,repeat",https://ja7rl.sakura.ne.jp/2026MG.pdf,登録済,,,,,,,,,,,未照合（登録URLおよび保存資料の確認が必要）,なし,participants / power / movement / call_method / counterparts / frequency / restrictions / exchange / repeat
all_okayama,オール岡山コンテスト,2026,0/9 明示登録,"participants,power,movement,call_method,counterparts,frequency,restrictions,exchange,repeat",https://www.jarl.com/okayama/oy-test-rule-2026.html,登録済,呼出確認: 電信・RTTY 県内 CQ OY TEST／県外 CQ OYX TEST、電話 CQ岡山コンテスト,,,,,,,,,,未照合（登録URLおよび保存資料の確認が必要）,なし,participants / power / movement / call_method / counterparts / frequency / restrictions / exchange / repeat
all_okayama_ft,オール岡山FT8/FT4,2026,0/9 明示登録,"participants,power,movement,call_method,counterparts,frequency,restrictions,exchange,repeat",https://www.jarl.com/okayama/oy-ft8-test-rule-2026.html,登録済,呼出確認: CQ OYT,,,,,,,,,,未照合（登録URLおよび保存資料の確認が必要）,なし,participants / power / movement / call_method / counterparts / frequency / restrictions / exchange / repeat
all_osaka,オール大阪コンテスト,2026,0/9 明示登録,"participants,power,movement,call_method,counterparts,frequency,restrictions,exchange,repeat",https://ja3ujr.sakura.ne.jp/jarlosaka/contest/kiyaku2026.html,登録済,,,,,,,,,,,未照合（登録URLおよび保存資料の確認が必要）,なし,participants / power / movement / call_method / counterparts / frequency / restrictions / exchange / repeat
all_saga,オール佐賀コンテスト,2026,0/9 明示登録,"participants,power,movement,call_method,counterparts,frequency,restrictions,exchange,repeat",https://www4.hp-ez.com/hp/jarlsaga/page10,登録済,呼出確認: 電話 CQ佐賀コンテスト／電信 CQ SAGA TEST,,,,,,,,,,未照合（登録URLおよび保存資料の確認が必要）,なし,participants / power / movement / call_method / counterparts / frequency / restrictions / exchange / repeat
all_saitama,オール埼玉コンテスト,2026,0/9 明示登録,"participants,power,movement,call_method,counterparts,frequency,restrictions,exchange,repeat",https://www.jarl.com/allst/rule/44st.pdf,登録済,呼出確認: 電話 CQ埼玉コンテスト／電信 県内 CQ ST TEST・県外 CQ STX TEST,,,,,,,,,,未照合（登録URLおよび保存資料の確認が必要）,なし,participants / power / movement / call_method / counterparts / frequency / restrictions / exchange / repeat
all_tohoku,第75回オール東北コンテスト,2026,0/9 明示登録,"participants,power,movement,call_method,counterparts,frequency,restrictions,exchange,repeat",https://www.jarl.com/tohoku/7contest/2026JA7TEST.pdf,登録済,,,,,,,,,,,未照合（登録URLおよび保存資料の確認が必要）,なし,participants / power / movement / call_method / counterparts / frequency / restrictions / exchange / repeat
all_tottori,オール鳥取コンテスト,2026,0/9 明示登録,"participants,power,movement,call_method,counterparts,frequency,restrictions,exchange,repeat",https://www.jarl.com/tottori/files/2026tttest_rules.pdf,登録済,,,,,,,,,,,未照合（登録URLおよび保存資料の確認が必要）,なし,participants / power / movement / call_method / counterparts / frequency / restrictions / exchange / repeat
cq-160-cw,CQ World Wide 160 Meter CW,2026,0/9 明示登録,"participants,power,movement,call_method,counterparts,frequency,restrictions,exchange,repeat",https://cq160.com/rules.htm,登録済,,,,,,,,,,,未照合（登録URLおよび保存資料の確認が必要）,なし,participants / power / movement / call_method / counterparts / frequency / restrictions / exchange / repeat
cq-160-ssb,CQ World Wide 160 Meter SSB,2026,0/9 明示登録,"participants,power,movement,call_method,counterparts,frequency,restrictions,exchange,repeat",https://cq160.com/rules.htm,登録済,,,,,,,,,,,未照合（登録URLおよび保存資料の確認が必要）,なし,participants / power / movement / call_method / counterparts / frequency / restrictions / exchange / repeat
cq-vhf-digi,CQ World Wide VHF Digital,2026,0/9 明示登録,"participants,power,movement,call_method,counterparts,frequency,restrictions,exchange,repeat",https://cqww-vhf.com/rules.htm,登録済,,,,,,,,,,,未照合（登録URLおよび保存資料の確認が必要）,なし,participants / power / movement / call_method / counterparts / frequency / restrictions / exchange / repeat
cq-vhf-ssbcw,CQ World Wide VHF SSB/CW/FM,2026,0/9 明示登録,"participants,power,movement,call_method,counterparts,frequency,restrictions,exchange,repeat",https://cqww-vhf.com/rules.htm,登録済,,,,,,,,,,,未照合（登録URLおよび保存資料の確認が必要）,なし,participants / power / movement / call_method / counterparts / frequency / restrictions / exchange / repeat
cq-wpx-cw,CQ World Wide WPX CW,2026,0/9 明示登録,"participants,power,movement,call_method,counterparts,frequency,restrictions,exchange,repeat",https://cqwpx.com/rules.htm,登録済,,,,,,,,,,,未照合（登録URLおよび保存資料の確認が必要）,なし,participants / power / movement / call_method / counterparts / frequency / restrictions / exchange / repeat
cq-wpx-rtty,CQ World Wide WPX RTTY,2026,0/9 明示登録,"participants,power,movement,call_method,counterparts,frequency,restrictions,exchange,repeat",https://cqwpxrtty.com/rules.htm,登録済,,,,,,,,,,,未照合（登録URLおよび保存資料の確認が必要）,なし,participants / power / movement / call_method / counterparts / frequency / restrictions / exchange / repeat
cq-wpx-ssb,CQ World Wide WPX SSB,2026,0/9 明示登録,"participants,power,movement,call_method,counterparts,frequency,restrictions,exchange,repeat",https://cqwpx.com/rules.htm,登録済,,,,,,,,,,,未照合（登録URLおよび保存資料の確認が必要）,なし,participants / power / movement / call_method / counterparts / frequency / restrictions / exchange / repeat
cq-ww-cw,CQ World Wide CW,2025,0/9 明示登録,"participants,power,movement,call_method,counterparts,frequency,restrictions,exchange,repeat",https://cqww.com/rules.htm,登録済,,,,,,,,,,,未照合（登録URLおよび保存資料の確認が必要）,なし,participants / power / movement / call_method / counterparts / frequency / restrictions / exchange / repeat
cq-ww-rtty,CQ World Wide RTTY,2026,0/9 明示登録,"participants,power,movement,call_method,counterparts,frequency,restrictions,exchange,repeat",https://cqwwrtty.com/rules.htm,登録済,,,,,,,,,,,未照合（登録URLおよび保存資料の確認が必要）,なし,participants / power / movement / call_method / counterparts / frequency / restrictions / exchange / repeat
cq-ww-ssb,CQ World Wide SSB,2025,0/9 明示登録,"participants,power,movement,call_method,counterparts,frequency,restrictions,exchange,repeat",https://cqww.com/rules.htm,登録済,,,,,,,,,,,未照合（登録URLおよび保存資料の確認が必要）,なし,participants / power / movement / call_method / counterparts / frequency / restrictions / exchange / repeat
field_day,フィールドデーコンテスト,2026,0/9 明示登録,"participants,power,movement,call_method,counterparts,frequency,restrictions,exchange,repeat",https://www.jarl.org/Japanese/1_Tanoshimo/1-1_Contest/fd_rules.html,登録済,,,,,,,,,,,未照合（登録URLおよび保存資料の確認が必要）,なし,participants / power / movement / call_method / counterparts / frequency / restrictions / exchange / repeat
fukuoka,福岡コンテスト,2026,8/9 明示登録,restrictions,,URL未登録,URL未登録。JARL福岡県支部公式2026規約あり,日本国内のアマチュア局。県内・県外の区分は実際の運用場所によります。クラブ局を1人で運用した場合はシングルオペ。,移動しない局は100W以内、移動する局は50W以内。,移動局は50W以内。県内・県外の区分は実際に運用する場所で決まります。,"県内局：電話 CQ 福岡コンテスト／電信 CQ FO TEST
県外局：電話 CQ 福岡コンテストこちらは県外局／電信 CQ FOX TEST",福岡県内局との交信は3点、県外局との交信も1点。県外局同士の交信も得点対象です。,1.8～430MHz帯（WARCバンドを除く）。JARL制定のコンテスト周波数に従います。,,県内局：RS(T)＋市郡区ナンバー。県外局：RS(T)＋JARL制定の都府県・地域等ナンバー。,同一局との同一バンドの交信は電信・電話それぞれ1交信ずつ有効。バンドが異なればそれぞれ有効。,docs/contest-research/sources/fukuoka_2026.pdf (利用者添付・公式規約),表示専用データ追加,restrictions / 2026公式URL未特定（保存済み利用者提供規約を使用）
gigahertz,ギガヘルツコンテスト,2026,0/9 明示登録,"participants,power,movement,call_method,counterparts,frequency,restrictions,exchange,repeat",https://www.jarl.com/08test/contest/2026/ghz/rule.html,登録済,呼出確認: 電信 CQ GHZ TEST／電話 CQギガヘルツコンテスト,,,,,,,,,,未照合（登録URLおよび保存資料の確認が必要）,なし,participants / power / movement / call_method / counterparts / frequency / restrictions / exchange / repeat
hiroshima_was,広島WASコンテスト,2026,0/9 明示登録,"participants,power,movement,call_method,counterparts,frequency,restrictions,exchange,repeat",https://hs-contest.org/was-2026-rule/,登録済,呼出確認: 電信・デジタル CQ WAS TEST／電話 CQ WASコンテスト または CQ広島コンテスト,,,,,,,,,,未照合（登録URLおよび保存資料の確認が必要）,なし,participants / power / movement / call_method / counterparts / frequency / restrictions / exchange / repeat
iburi_hidaka,胆振日高コンテスト,2026,0/9 明示登録,"participants,power,movement,call_method,counterparts,frequency,restrictions,exchange,repeat",http://lake-toya.jp/iburihidaka/wp-content/uploads/2026/06/%E7%AC%AC51%E5%9B%9E%E8%83%86%E6%8C%AF%E6%97%A5%E9%AB%98%E6%94%AF%E9%83%A8%E3%82%B3%E3%83%B3%E3%83%86%E3%82%B9%E3%83%88%E8%A6%8F%E7%B4%84.pdf,登録済,,,,,,,,,,,未照合（登録URLおよび保存資料の確認が必要）,なし,participants / power / movement / call_method / counterparts / frequency / restrictions / exchange / repeat
ishikari,2026石狩後志支部コンテスト,2026,0/9 明示登録,"participants,power,movement,call_method,counterparts,frequency,restrictions,exchange,repeat",https://isb.jarl.pro/2026/05/12/post-1624/,登録済,呼出確認: 電信 CQ ISB TEST／電話 CQ石狩後志支部コンテスト,,,,,,,,,,未照合（登録URLおよび保存資料の確認が必要）,なし,participants / power / movement / call_method / counterparts / frequency / restrictions / exchange / repeat
iwate_winter,第4回いわてWINTERコンテスト,2026,0/9 明示登録,"participants,power,movement,call_method,counterparts,frequency,restrictions,exchange,repeat",https://jarl-iwate.com/wp-content/uploads/51ea8f1a1ed0bc896ab5d5812937aeb2.pdf,登録済,,,,,,,,,,,未照合（登録URLおよび保存資料の確認が必要）,なし,participants / power / movement / call_method / counterparts / frequency / restrictions / exchange / repeat
ja0_vhf,第63回JA0-VHFコンテスト,2026,0/9 明示登録,"participants,power,movement,call_method,counterparts,frequency,restrictions,exchange,repeat",https://www.jarl.com/zerocontest/rule2026/ja0vhf2026.pdf,登録済,,,,,,,,,,,未照合（登録URLおよび保存資料の確認が必要）,なし,participants / power / movement / call_method / counterparts / frequency / restrictions / exchange / repeat
ja9_hf_cw,JA9コンテストHF 電信,2026,0/9 明示登録,"participants,power,movement,call_method,counterparts,frequency,restrictions,exchange,repeat",https://www.jarl.com/hokuriku/CONTEST/規約/2026/JA9コンテストHF2026規約.pdf,登録済,,,,,,,,,,,未照合（登録URLおよび保存資料の確認が必要）,なし,participants / power / movement / call_method / counterparts / frequency / restrictions / exchange / repeat
ja9_hf_phone,JA9コンテストHF 電話,2026,0/9 明示登録,"participants,power,movement,call_method,counterparts,frequency,restrictions,exchange,repeat",https://www.jarl.com/hokuriku/CONTEST/規約/2026/JA9コンテストHF2026規約.pdf,登録済,,,,,,,,,,,未照合（登録URLおよび保存資料の確認が必要）,なし,participants / power / movement / call_method / counterparts / frequency / restrictions / exchange / repeat
ja9_vu,JA9コンテストVU,2026,0/9 明示登録,"participants,power,movement,call_method,counterparts,frequency,restrictions,exchange,repeat",https://www.jarl.com/hokuriku/CONTEST/規約/2026/JA9コンテストVU2026規約.pdf,登録済,,,,,,,,,,,未照合（登録URLおよび保存資料の確認が必要）,なし,participants / power / movement / call_method / counterparts / frequency / restrictions / exchange / repeat
jarl_world_wide_rtty,JARL World Wide RTTY,2026,0/9 明示登録,"participants,power,movement,call_method,counterparts,frequency,restrictions,exchange,repeat",https://www.jarl.org/Japanese/1_Tanoshimo/1-1_Contest/rtty_rules.html,登録済,,,,,,,,,,,未照合（登録URLおよび保存資料の確認が必要）,なし,participants / power / movement / call_method / counterparts / frequency / restrictions / exchange / repeat
kagoshima,第36回鹿児島コンテスト,2026,0/9 明示登録,"participants,power,movement,call_method,counterparts,frequency,restrictions,exchange,repeat",https://www.jarl.com/kagoshima/contest/26/kiyaku.pdf,登録済,,,,,,,,,,,未照合（登録URLおよび保存資料の確認が必要）,なし,participants / power / movement / call_method / counterparts / frequency / restrictions / exchange / repeat
kamikawa_souya,第10回上川宗谷支部コンテスト,2026,0/9 明示登録,"participants,power,movement,call_method,counterparts,frequency,restrictions,exchange,repeat",https://www.jarl.com/kamikawa/contest/2026KSContest.pdf,登録済,,,,,,,,,,,未照合（登録URLおよび保存資料の確認が必要）,なし,participants / power / movement / call_method / counterparts / frequency / restrictions / exchange / repeat
kanagawa_emergency,第44回非常通信訓練コンテスト,2026,0/9 明示登録,"participants,power,movement,call_method,counterparts,frequency,restrictions,exchange,repeat",https://www.jarlkn.info/application/files/6917/7020/6189/44.pdf,登録済,,,,,,,,,,,未照合（登録URLおよび保存資料の確認が必要）,なし,participants / power / movement / call_method / counterparts / frequency / restrictions / exchange / repeat
kansai_vus,関西V・U・Sコンテスト（旧・関西VHF）,2026,0/9 明示登録,"participants,power,movement,call_method,counterparts,frequency,restrictions,exchange,repeat",https://www.eonet.ne.jp/~ja3-test/kiyaku/ja3test_2026kiyaku.files/sheet001.htm,登録済,,,,,,,,,,,未照合（登録URLおよび保存資料の確認が必要）,なし,participants / power / movement / call_method / counterparts / frequency / restrictions / exchange / repeat
kcj-topband,第42回KCJトップバンドコンテスト,2026,0/9 明示登録,"participants,power,movement,call_method,counterparts,frequency,restrictions,exchange,repeat",https://kcj-cw.com/contest/rule/2026_42_top_ja_t.pdf,登録済,,,,,,,,,,,未照合（登録URLおよび保存資料の確認が必要）,なし,participants / power / movement / call_method / counterparts / frequency / restrictions / exchange / repeat
kcj,第47回KCJコンテスト,2026,0/9 明示登録,"participants,power,movement,call_method,counterparts,frequency,restrictions,exchange,repeat",https://kcj-cw.com/contest/rule/2026_47_kcj_ja_t.pdf,登録済,,,,,,,,,,,未照合（登録URLおよび保存資料の確認が必要）,なし,participants / power / movement / call_method / counterparts / frequency / restrictions / exchange / repeat
kcwa_cw,第42回KCWA CWコンテスト,2025,0/9 明示登録,"participants,power,movement,call_method,counterparts,frequency,restrictions,exchange,repeat",https://kcwa.sakura.ne.jp/2025/contest42/20251207CONTEST.html,登録済,ルール年度は2025。第42回（2025-12-07）として意図的なら維持,,,,,,,,,,未照合（登録URLおよび保存資料の確認が必要）,なし,participants / power / movement / call_method / counterparts / frequency / restrictions / exchange / repeat
kyoto,第70回京都コンテスト,2026,0/9 明示登録,"participants,power,movement,call_method,counterparts,frequency,restrictions,exchange,repeat",https://je3zpz.ampr.org/kt_test/kt70-kiyaku.pdf,登録済,,,,,,,,,,,未照合（登録URLおよび保存資料の確認が必要）,なし,participants / power / movement / call_method / counterparts / frequency / restrictions / exchange / repeat
miyazaki,第50回宮崎コンテスト,2026,0/9 明示登録,"participants,power,movement,call_method,counterparts,frequency,restrictions,exchange,repeat",https://www.jarl.com/mztest/contest2026kiyaku.html,登録済,呼出確認: 電信 県内 CQ MZ TEST／県外 CQ MZG TEST／県人 CQ MZK TEST,,,,,,,,,,未照合（登録URLおよび保存資料の確認が必要）,なし,participants / power / movement / call_method / counterparts / frequency / restrictions / exchange / repeat
nagasaki,2026長崎県コンテスト,2026,0/9 明示登録,"participants,power,movement,call_method,counterparts,frequency,restrictions,exchange,repeat",https://www.jarl.com/nagasaki/nstest/2026ntst.pdf,登録済,,,,,,,,,,,未照合（登録URLおよび保存資料の確認が必要）,なし,participants / power / movement / call_method / counterparts / frequency / restrictions / exchange / repeat
nara_vuhf,第52回JARL奈良県支部V・UHFコンテスト,2026,0/9 明示登録,"participants,power,movement,call_method,counterparts,frequency,restrictions,exchange,repeat",https://jarl-nara.com/cont_26.htm,登録済,,,,,,,,,,,未照合（登録URLおよび保存資料の確認が必要）,なし,participants / power / movement / call_method / counterparts / frequency / restrictions / exchange / repeat
niigata_branch,第26回新潟コンテスト（7MHz・ハイバンド）,2026,0/9 明示登録,"participants,power,movement,call_method,counterparts,frequency,restrictions,exchange,repeat",https://www.jarl.com/08test/contest/2026/niigata/rule.html,登録済,呼出確認: 電信 県内 CQ NI TEST／県外 CQ NIX TEST、電話は県内外区分あり,,,,,,,,,,未照合（登録URLおよび保存資料の確認が必要）,なし,participants / power / movement / call_method / counterparts / frequency / restrictions / exchange / repeat
niigata_low_band,第26回新潟コンテスト（ローバンド1.9/3.5MHz）,2026,0/9 明示登録,"participants,power,movement,call_method,counterparts,frequency,restrictions,exchange,repeat",https://www.jarl.com/08test/contest/2026/niigata/rule.html,登録済,呼出確認: 電信 県内 CQ NI TEST／県外 CQ NIX TEST、電話は県内外区分あり,,,,,,,,,,未照合（登録URLおよび保存資料の確認が必要）,なし,participants / power / movement / call_method / counterparts / frequency / restrictions / exchange / repeat
oidemase_yamaguchi,第25回おいでませオール山口コンテスト,2026,0/9 明示登録,"participants,power,movement,call_method,counterparts,frequency,restrictions,exchange,repeat",https://jarl33yamaguchi.jimdofree.com/お知らせのコーナー/令和８年度の行事/第25回おいでませオール山口コンテスト規約/,登録済,,,,,,,,,,,未照合（登録URLおよび保存資料の確認が必要）,なし,participants / power / movement / call_method / counterparts / frequency / restrictions / exchange / repeat
oita,第24回大分コンテスト,2026,0/9 明示登録,"participants,power,movement,call_method,counterparts,frequency,restrictions,exchange,repeat",https://jarl-oita.blogspot.com/2026/05/blog-post.html,登録済,呼出確認: 電信 県内 CQ OT TEST／県外 CQ OTG TEST／県人 CQ OTJ TEST,,,,,,,,,,未照合（登録URLおよび保存資料の確認が必要）,なし,participants / power / movement / call_method / counterparts / frequency / restrictions / exchange / repeat
okhotsk,第50回オホーツクコンテスト（最終回・2026）,2026,0/9 明示登録,"participants,power,movement,call_method,counterparts,frequency,restrictions,exchange,repeat",https://www.jarl.com/okhotsk/conte2026.pdf,現行性再確認,ローカルは第50回・2026最終回。公式サイト側の現行掲載状況を実装前に再確認,,,,,,,,,,未照合（登録URLおよび保存資料の確認が必要）,なし,participants / power / movement / call_method / counterparts / frequency / restrictions / exchange / repeat
oshima_hiyama,第34回JARL渡島檜山支部コンテスト,2026,0/9 明示登録,"participants,power,movement,call_method,counterparts,frequency,restrictions,exchange,repeat",https://ohs.hokkaido.jp/wp-content/uploads/2026/07/第34回-JARL-渡島檜山支部コンテスト規約.pdf,登録済,呼出確認: 電話 CQ渡島檜山支部コンテスト／電信 CQ OH TEST,,,,,,,,,,未照合（登録URLおよび保存資料の確認が必要）,なし,participants / power / movement / call_method / counterparts / frequency / restrictions / exchange / repeat
qso_party,第79回QSOパーティ,2026,6/9 明示登録,"power,movement,repeat",https://www.jarl.org/Japanese/1_Tanoshimo/1-1_Contest/qso_party_rule.html,JARL公式2026規約を登録,URL未登録。JARL公式第79回規約あり。電話 CQ NEW YEAR PARTY／電信 CQ NYP / 呼出確認: 電話 CQ NEW YEAR PARTY／電信 CQ NYP,アマチュア局およびSWL。PSLogの登録部門はアマチュア局（コード30）です。,,,"電話：CQ NEW YEAR PARTY
電信：CQ NYP",国内局は国内・国外のアマチュア局、国外局は日本国内のアマチュア局との交信が対象です。,総務省告示のアマチュア業務に使用する電波型式・周波数の使用区別に従います。,総務省告示の使用区別からの逸脱、レピーターの使用は禁止です。,相手局のシグナルレポートとオペレーターの名前。通称・ニックネーム・イニシャル・ハンドルネームも可。,,docs/contest-research/sources/qso_party_rule_2026.html,表示専用データ追加・URL登録,power / movement / repeat
scalg-6m-cw,第39回エスカルゴ6m CWコンテスト,2026,0/9 明示登録,"participants,power,movement,call_method,counterparts,frequency,restrictions,exchange,repeat",https://scalg6mcw.web.fc2.com/2026_sc_kiyaku_01a.html,登録済,,,,,,,,,,,未照合（登録URLおよび保存資料の確認が必要）,なし,participants / power / movement / call_method / counterparts / frequency / restrictions / exchange / repeat
shiga,第30回ALL滋賀コンテスト,2026,0/9 明示登録,"participants,power,movement,call_method,counterparts,frequency,restrictions,exchange,repeat",https://www.jarl.com/shiga/shiga_con.html,登録済,,,,,,,,,,,未照合（登録URLおよび保存資料の確認が必要）,なし,participants / power / movement / call_method / counterparts / frequency / restrictions / exchange / repeat
shimane,第46回島根対全日本コンテスト,2026,8/9 明示登録,power,https://jarl-shimane.jimdofree.com/事業計画/,支部公式の規約掲載ページを登録（PDFへの直接URL未使用）,URL未登録。JARL島根県支部公式2026規約あり / 呼出確認: 県内 電話 CQオールジャパン・電信 CQ AJ TEST／県外 電話 CQ島根・電信 CQ SN TEST,日本国内で運用するアマチュア局。島根県内へ移動して運用する県外局は県内局として参加します。,,コンテスト中の運用地点変更と複数地点からの運用は禁止。県内での移動運用地は市町村まで提出書類に記載します。,"県内局：電話 CQオールジャパン／電信 CQ AJ TEST
県外局：電話 CQ島根／電信 CQ SN TEST",県内局は日本国内の局との交信、県外局は島根県内局との交信が得点対象です。,7・21・28・50・144・430MHz帯。部門別の対象帯域とJARLコンテスト使用周波数帯を確認してください。使用モードはCW・SSB・FM。,クロスバンド交信、コンテスト中の運用地点変更、複数地点からの運用、同一バンドでの2波以上の同時発射は禁止。10分間ルールは適用しません。,県内局：RS(T)＋市郡ナンバー。県外局：RS(T)＋都府県・支庁ナンバー。,同一局との同一バンドの交信は最初の1交信が得点対象。ただし電波型式が異なる場合は、それぞれ得点対象です。,docs/contest-research/sources/shimane_2026.pdf (利用者添付・公式規約),表示専用データ追加・URL登録,power
shizuoka,第35回静岡コンテスト,2026,0/9 明示登録,"participants,power,movement,call_method,counterparts,frequency,restrictions,exchange,repeat",https://www.jarl.com/shizuoka/35kiyaku.pdf,登録済,呼出確認: 県外電信 CQ S TEST 等、県内外識別あり,,,,,,,,,,未照合（登録URLおよび保存資料の確認が必要）,なし,participants / power / movement / call_method / counterparts / frequency / restrictions / exchange / repeat
six_meter_and_down,6m AND DOWNコンテスト,2026,0/9 明示登録,"participants,power,movement,call_method,counterparts,frequency,restrictions,exchange,repeat",https://www.jarl.org/Japanese/1_Tanoshimo/1-1_Contest/6d_rules.html,登録済,,,,,,,,,,,未照合（登録URLおよび保存資料の確認が必要）,なし,participants / power / movement / call_method / counterparts / frequency / restrictions / exchange / repeat
tochigi,第28回栃木コンテスト,2026,0/9 明示登録,"participants,power,movement,call_method,counterparts,frequency,restrictions,exchange,repeat",https://www.jarl.com/tochigi/contest/28tochicon_1.pdf,登録済,,,,,,,,,,,未照合（登録URLおよび保存資料の確認が必要）,なし,participants / power / movement / call_method / counterparts / frequency / restrictions / exchange / repeat
tokai_qso,第66回東海QSOコンテスト,2026,0/9 明示登録,"participants,power,movement,call_method,counterparts,frequency,restrictions,exchange,repeat",https://www.tokai-jarl.jp/tkitest/regulation/66th-tkiqso.html,登録済,,,,,,,,,,,未照合（登録URLおよび保存資料の確認が必要）,なし,participants / power / movement / call_method / counterparts / frequency / restrictions / exchange / repeat
tokyo,東京コンテスト,2026,0/9 明示登録,"participants,power,movement,call_method,counterparts,frequency,restrictions,exchange,repeat",https://jarltokyo.com/_media/contest/contest_rules_ver20240331.pdf,現行性再確認,URLは2024改訂版。2026でも現行規約として有効か最終実装前に改訂日を再確認,,,,,,,,,,未照合（登録URLおよび保存資料の確認が必要）,なし,participants / power / movement / call_method / counterparts / frequency / restrictions / exchange / repeat
tokyo_cw,東京CWコンテスト,2026,0/9 明示登録,"participants,power,movement,call_method,counterparts,frequency,restrictions,exchange,repeat",https://jarltokyo.com/_media/contest/contest_rules_cw_ver20260826.pdf,登録済,,,,,,,,,,,未照合（登録URLおよび保存資料の確認が必要）,なし,participants / power / movement / call_method / counterparts / frequency / restrictions / exchange / repeat
tokyo_uhf,東京UHFコンテスト,2026,0/9 明示登録,"participants,power,movement,call_method,counterparts,frequency,restrictions,exchange,repeat",https://jarltokyo.com/_media/contest/contest_rules_uhf_ver20260826.pdf,登録済,,,,,,,,,,,未照合（登録URLおよび保存資料の確認が必要）,なし,participants / power / movement / call_method / counterparts / frequency / restrictions / exchange / repeat
toyama_emergency,第49回富山県非常無線通信訓練コンテスト,2026,0/9 明示登録,"participants,power,movement,call_method,counterparts,frequency,restrictions,exchange,repeat",https://shiroi-match.jp/commu-chika/1420/events/4720,URL差替推奨,公式ソースへ差替推奨,,,,,,,,,,未照合（登録URLおよび保存資料の確認が必要）,なし,participants / power / movement / call_method / counterparts / frequency / restrictions / exchange / repeat
tsugaru_kaikyo,第24回津軽海峡コンテスト,2026,0/9 明示登録,"participants,power,movement,call_method,counterparts,frequency,restrictions,exchange,repeat",https://jarl-aomori.sakura.ne.jp/contest/tsugarukaikyou/,登録済,,,,,,,,,,,未照合（登録URLおよび保存資料の確認が必要）,なし,participants / power / movement / call_method / counterparts / frequency / restrictions / exchange / repeat
wakayama,第38回和歌山コンテスト,2026,0/9 明示登録,"participants,power,movement,call_method,counterparts,frequency,restrictions,exchange,repeat",https://www.jarl.com/wakayama/pdf/wk-test/contest38kiyaku.pdf,登録済,,,,,,,,,,,未照合（登録URLおよび保存資料の確認が必要）,なし,participants / power / movement / call_method / counterparts / frequency / restrictions / exchange / repeat
ww-digi,World Wide Digi DX,2026,0/9 明示登録,"participants,power,movement,call_method,counterparts,frequency,restrictions,exchange,repeat",https://ww-digi.com/rules/,登録済,,,,,,,,,,,未照合（登録URLおよび保存資料の確認が必要）,なし,participants / power / movement / call_method / counterparts / frequency / restrictions / exchange / repeat
xpo,XPO記念コンテスト,2026,9/9 明示登録,,https://www.eonet.ne.jp/~ja3-test/kiyaku/xpokinen_2026kiyaku.htm,登録済,公式2026規約に呼出あり（電信 CQ XPO TEST／電話 CQ XPOコンテスト）。現行表示の未登録は誤り / 呼出確認: 電信 CQ XPO TEST／電話 CQ XPOコンテスト,日本国内のアマチュア局。電信はCW（A1A）、電話はSSB・AM・FM。ゲストや補助者が運用に関わる場合はマルチオペ。,2026年規約に大会独自の一律送信出力上限は記載されていません。免許条件を確認してください。,コンテスト中の運用場所は原則1か所（直径500mの範囲内）。コンテストのため常置場所を離れたシングルオペのみ、開始時のマルチプライヤー内で場所変更可。移動局はコール末尾に /数字または/JD1を付けます。,"電信：CQ XPO TEST
電話：CQ XPOコンテスト",日本国内のアマチュア局同士の完全な交信。記念局（8J・8K・8N等）も一般局と同じ扱いです。,1.9～10GHz帯（3.8・10・18・24MHz帯を除く）。1.9～430MHz帯は規約の電波型式別周波数表を参照。1200MHz以上は総務省告示の使用区別に従います。10.1GHzと10.4GHzは同一の10GHz帯として扱います。,クロスバンド交信、同一オペレーターの2波以上の同時発射、マルチオペの同一バンド2波以上の同時発射を禁止。レピーターやインターネット等経由の交信は得点・マルチに計上不可（規約のリモート運用例外あり）。セルフスポットやその依頼は禁止。リモート設備の所在地条件とコンテスト終了後のログ修正制限は公式規約を確認してください。,RS(T) ＋ JARL制定の都府県・地域等のナンバー。,同一局との同一バンド内の再交信は、電波型式が異なっても得点になりません。バンドが異なれば別に計上できます。,docs/contest-research/sources/xpo_2026.html,表示専用データ追加,
yamagata_sakuranbo,第8回山形さくらんぼQSOコンテスト,2026,0/9 明示登録,"participants,power,movement,call_method,counterparts,frequency,restrictions,exchange,repeat",https://jarlyamagata.ham-yamagata.com/wp-content/uploads/2026/02/n8-sakuranbo-annai.pdf,登録済,,,,,,,,,,,未照合（登録URLおよび保存資料の確認が必要）,なし,participants / power / movement / call_method / counterparts / frequency / restrictions / exchange / repeat
yamanashi,第21回山梨コンテスト,2026,0/9 明示登録,"participants,power,movement,call_method,counterparts,frequency,restrictions,exchange,repeat",http://www.jarl17.org/wp/wp-content/uploads/2026/03/%E7%AC%AC21%E5%9B%9E%E5%B1%B1%E6%A2%A8%E3%82%B3%E3%83%B3%E3%83%86%E3%82%B9%E3%83%88%E8%A6%8F%E7%B4%84.pdf,登録済,,,,,,,,,,,未照合（登録URLおよび保存資料の確認が必要）,なし,participants / power / movement / call_method / counterparts / frequency / restrictions / exchange / repeat
