順,大会ID,大会名,登録年度,登録規約URL,照合した規約URL・出典,保存資料,呼び出し方法,交信対象,大区分の出力制限,得点・デジタル・特別得点,留意点
17,all_tohoku,第75回オール東北コンテスト,2026,https://www.jarl.com/tohoku/7contest/2026JA7TEST.pdf,https://www.jarl.com/tohoku/7contest/2026JA7TEST.pdf,all_tohoku_2026.pdf,電話：CQ オール東北コンテスト／電信：CQ JA7 TEST,東北管内局：日本国内で運用する局。東北管外局：東北管内で運用する局。,電話部門は1.8～28MHz帯10W以下、50MHz帯以上20W以下。,各バンドで異なる局との完全な交信は1点。同一バンドの電信と電話はそれぞれ得点可。,
18,ai_chikyu,愛・地球博記念コンテスト,2026,https://www.tokai-jarl.jp/tkitest/regulation/21st-ai.html,https://www.tokai-jarl.jp/tkitest/regulation/21st-ai.html,ai_chikyuhaku_2026.html,"電話：CQ AIコンテスト（またはCQ 愛コンテスト）
電信：CQ AI TEST",日本国内の陸上で運用するアマチュア局。管外局同士の交信も有効。,電話部門は20W以下（HF帯は10W以下）。,完全な交信は1点。同一バンドでも電信、通常の電話、D-STARのDVはそれぞれ1交信ずつ有効。,
19,tokai_qso,第66回東海QSOコンテスト,2026,https://www.tokai-jarl.jp/tkitest/regulation/66th-tkiqso.html,https://www.tokai-jarl.jp/tkitest/regulation/66th-tkiqso.html,tokai_qso_66_2026.html,管内局：電信 CQ TEST、電話 CQコンテスト。管外局：電信 CQ TKI TEST、電話 CQ東海コンテスト。,管内局：国内の陸上局。管外局・SWL：2エリア内の陸上局に限ります。,大会全体・大区分の追加上限は確認されず,1.9MHz帯3点、3.5～21MHz帯1点、28MHz帯2点、50～430MHz帯1点、1200MHz帯3点、2400MHz帯5点、5600MHz帯10点、10.1GHz帯以上20点。D-STARのDVは指定の電話部門でシンプレックス交信。,
20,xpo,XPO記念コンテスト,2026,https://www.eonet.ne.jp/~ja3-test/kiyaku/xpokinen_2026kiyaku.htm,https://www.eonet.ne.jp/~ja3-test/kiyaku/xpokinen_2026kiyaku.htm,xpo_2026.html,"電信：CQ XPO TEST
電話：CQ XPOコンテスト",日本国内のアマチュア局同士の完全な交信。記念局（8J・8K・8N等）も一般局と同じ扱いです。,制限なし,完全な交信は1点。対象はCW、SSB、AM、FMで、DV・C4FMは電話部門に含みません。同一バンド内の重複は電波型式が違っても得点になりません。,
21,kansai_vus,関西V・U・Sコンテスト（旧・関西VHF）,2026,https://www.eonet.ne.jp/~ja3-test/kiyaku/ja3test_2026kiyaku.files/sheet001.htm,https://www.eonet.ne.jp/~ja3-test/kiyaku/ja3test_2026kiyaku.files/sheet001.htm,kansai_vus_2026.html,電信：CQ JA3 TEST／電話：CQ JA3コンテスト,管内局：日本国内の局。管外局：関西管内局に限ります。,大会全体・大区分の追加上限は確認されず,完全な交信は1点。管外局同士は得点になりません。対象モードはCW、SSB、AM、FMで、DV・C4FMは電話に含みません。,
22,okhotsk,第50回オホーツクコンテスト（最終回・2026）,2026,https://www.jarl.com/okhotsk/conte2026.pdf,https://www.jarl.com/okhotsk/conte2026.pdf,okhotsk_2026.pdf,電話：CQオホーツクコンテスト／電信：CQ OKH TEST,管内局：国内のアマチュア局。管外局：オホーツク総合振興局管内の局。,大会全体・大区分の追加上限は確認されず,管内局・管外局とも対象相手との完全な交信は1点。同一バンドでは電波型式が異なっても1交信のみ有効。,
23,all_mie_33,第49回オール三重33コンテスト,2026,https://www.ztv.ne.jp/isoda/33/annual/49/49rule.pdf,https://www.ztv.ne.jp/isoda/33/annual/49/49rule.pdf,mie33_49_2026.pdf,県内局・JL局：電信 CQ ME TEST／電話 CQ オール三重33コンテスト こちら県内局。県人局：電信 CQ MEJ TEST／電話は「こちら県人局」。県外局：電信 CQ MEX TEST／電話は「こちら県外局」。,県内局・JL局・県人局：海外を含む全アマチュア局。県外局：県内局・JL局・県人局。,大会全体・大区分の追加上限は確認されず,相手が県内局・JL局なら3点、県人局・県外局なら1点（県外局同士は無効）。自局と相手の区分別の得点早見表に従います。同一バンドではモードを変えても1交信のみ有効。,
24,kamikawa_souya,第10回上川宗谷支部コンテスト,2026,https://www.jarl.com/kamikawa/contest/2026KSContest.pdf,https://www.jarl.com/kamikawa/contest/2026KSContest.pdf,kamikawa_soya_2026.pdf,電話：管内局 CQ上川宗谷支部コンテスト、管外局 CQ上川宗谷支部コンテスト管外局。電信：管内局 CQ KS TEST、管外局 CQ KSX TEST。,国内のアマチュア局。管外局は管内局と2局以上交信する参加条件があります。,電話部門のすべての種目は50W以下。,国内局との完全な交信は1点。上川宗谷支部管内局との完全な交信は2点。,
25,kcwa_cw,第42回KCWA CWコンテスト,2025,https://kcwa.sakura.ne.jp/2025/contest42/20251207CONTEST.html,https://kcwa.sakura.ne.jp/2025/contest42/20251207CONTEST.html,kcwa_2025.html,電信：CQ KT TEST,日本国内で運用する個人アマチュア局との電信交信。,大会全体・大区分の追加上限は確認されず,完全な交信1点。ただし提出ログ相互の照合が成立した交信のみ得点となり、ログ未提出局との交信は無得点。2025年第42回の規約です。,
26,kyoto,第70回京都コンテスト,2026,https://je3zpz.ampr.org/kt_test/kt70-kiyaku.pdf,https://je3zpz.ampr.org/kt_test/kt70-kiyaku.pdf,kyoto_70.pdf,電話：CQ京都コンテスト（府外局は「こちらは府外局」を付加）。電信：府内局 CQ TEST、府外局 CQ KT TEST。,府内局：府内・府外局との交信。府外局：京都府内局との交信のみ得点対象。,大会全体・大区分の追加上限は確認されず,京都府内局は府内局との交信2点、府外局との交信1点。府外局・SWLは府内局1点、府外局0点。同一バンドの電信と電話は別々に得点可。,
27,all_saga,オール佐賀コンテスト,2026,https://www4.hp-ez.com/hp/jarlsaga/page10,https://www4.hp-ez.com/hp/jarlsaga/page10,all_saga_2026_web_extract.json,電話：CQ佐賀コンテスト／電信：CQ SAGA TEST,県内局：県内を含む日本全国の局。県外局：佐賀県内局。,大会全体・大区分の追加上限は確認されず,完全な交信は1点。同一バンドではSSBとFMなど同じ電話モード間は重複扱い。,
28,all_hyogo,オール兵庫コンテスト,2026,https://www.jarl.com/hyogo/contest/contest2026/2026-ALL-HG_rule.pdf,https://www.jarl.com/hyogo/contest/contest2026/2026-ALL-HG_rule.pdf,all_hyogo_2026.pdf,県内局：電信 CQ TEST／電話 CQ オール兵庫コンテスト。県外局：電信 CQ HG TEST／電話 CQ オール兵庫コンテスト。呼び出し時は運用地点を示し、県内外が区別できるよう配慮。,県内局：すべての局。県外局・SWL：兵庫県内で運用する局に限ります。,大会全体・大区分の追加上限は確認されず,ナンバーを完全に交換した交信は1点。県外局同士は無効。同一バンドの重複は電波型式を変えても得点になりません。,
29,all_chiba,オール千葉コンテスト,2026,http://jarl-chiba.info/2026test/2026info.pdf,http://jarl-chiba.info/2026test/2026info.pdf,all_chiba_2026.pdf,電信：県内局 CQ CB TEST／県外局 CQ CBX TEST。電話：県内局 CQ 千葉コンテスト／県外局 CQ 千葉コンテスト こちらは県外局。,県内局：国内すべてのアマチュア局。県外局：千葉県内のアマチュア局。,大会全体・大区分の追加上限は確認されず,県内局との交信は電信3点・電話2点。県内局から県外局への交信は電信2点・電話1点。県外局同士は0点。電信と電話は別々に得点可。電話にはデジタルモードを含みます。,
30,wakayama,第38回和歌山コンテスト,2026,https://www.jarl.com/wakayama/pdf/wk-test/contest38kiyaku.pdf,https://www.jarl.com/wakayama/pdf/wk-test/contest38kiyaku.pdf,wakayama_38.pdf,電信：県内局 CQ WK TEST IN／県外局 CQ WK TEST NI。電話：CQ 和歌山コンテストに「こちらは県内局／県外局」を付加。,県内局：国内全域。県外局：和歌山県内局のみ。,電話部門の全種目は10W以下。,完全な交信は1点。県外局同士は対象外。同一バンドの重複はモードを変えても得点になりません。,
31,all_saitama,オール埼玉コンテスト,2026,https://www.jarl.com/allst/rule/44st.pdf,https://www.jarl.com/allst/rule/44st.pdf,all_saitama_44.pdf,電話：県内局 CQ埼玉コンテスト／県外局 CQ埼玉コンテスト こちらは県外局。電信：県内局 CQ ST TEST／県外局 CQ STX TEST。,県内局・県外局とも埼玉県を含む全国内局。,大会全体・大区分の追加上限は確認されず,相手が埼玉県内局なら電信3点・電話2点、相手が県外局なら電信2点・電話1点。,
32,oita,第24回大分コンテスト,2026,https://jarl-oita.blogspot.com/2026/05/blog-post.html,https://jarl-oita.blogspot.com/2026/05/blog-post.html,oita_2026.html,電信：県内局 CQ OT TEST／県外局 CQ OTG TEST／県人局 CQ OTJ TEST。電話：CQ 大分コンテストの後に自局の局区分を明示。,県内局・県人局：国内のアマチュア局。県外局：大分県内局と県人局。,大会全体・大区分の追加上限は確認されず,完全な交信は1点。電話のSSB・AM・FM・DV・DMR等は異なるモードならそれぞれ得点可。CW以外のデータ通信（FT4・FT8・パケット等）は得点になりません。,
33,all_osaka,オール大阪コンテスト,2026,https://ja3ujr.sakura.ne.jp/jarlosaka/contest/kiyaku2026.html,https://ja3ujr.sakura.ne.jp/jarlosaka/contest/kiyaku2026.html,all_osaka_2026.html,府内局：電信・デジタル CQ OSKO TEST／電話 CQ オール大阪コンテスト こちらは府内局。府外局：電信・デジタル CQ OSK TEST／電話 CQ オール大阪コンテスト。,府内局：日本国内のすべてのアマチュア局。府外局：大阪府内局。,大会全体・大区分の追加上限は確認されず,通常の完全な交信は1点。大阪府内のYL・20歳未満局でナンバーにYが付く局との交信は2点、JARL局でXが付く局は4点。府外局同士は0点。デジタル部門にRTTY・SSTVがあります。,
34,nara_vuhf,第52回JARL奈良県支部V・UHFコンテスト,2026,https://jarl-nara.com/cont_26.htm,,nara_vuhf_2026_rules.pdf,電信：CQ NR TEST（県内局は/NRで区別）。電話：CQ 奈良コンテスト（県内局は「こちらは奈良県内局」を付加）。,県内局：国内すべてのアマチュア局。県外局：奈良県内で運用する局のみ。,大会全体・大区分の追加上限は確認されず,ナンバーを完全に交換した有効交信は1点。同一バンドの同一局は電波形式を変えても1回のみ得点対象。,保存済み主催規約PDF。登録URLから参照。
35,all_miyagi,第47回オール宮城コンテスト,2026,https://ja7rl.sakura.ne.jp/2026MG.pdf,https://ja7rl.sakura.ne.jp/2026MG.pdf,all_miyagi_2026.pdf,県内局：電信 CQ MG TEST／電話 CQ 宮城コンテスト。県外局：電信 CQ MGX TEST／電話 CQ 宮城コンテスト こちらは県外局。,県内局：全国内局。県外局：宮城県内局。,大会全体・大区分の追加上限は確認されず,完全な交信は1点。同一バンドの電信・電話はそれぞれ得点可。,
36,miyazaki,第50回宮崎コンテスト,2026,https://www.jarl.com/mztest/contest2026kiyaku.html,https://www.jarl.com/mztest/contest2026kiyaku.html,miyazaki_2026.html,電話：CQ宮崎コンテストの後に県内・県外・県人局の区分。電信：県内局 CQ MZ TEST／県外局 CQ MZG TEST／県人局 CQ MZK TEST。,県内局：国内外のすべてのアマチュア局。県外局：宮崎県内局および県人局。,大会全体・大区分の追加上限は確認されず,ナンバーを完全に交換した交信は1点。同一バンドでは電波型式が異なっても1交信のみ有効。,
37,toyama_emergency,第49回富山県非常無線通信訓練コンテスト,2026,https://www.jarl.com/toyama/25ham/49OSO.pdf,https://www.jarl.com/toyama/25ham/49OSO.pdf,toyama_2026_detail.html,電信：CQ TEST または CQ TY TEST／電話：CQ コンテスト または CQ 富山コンテスト,県内局は国内のアマチュア局。県外局同士は得点にならず、県外局は富山県内局との交信が得点対象。,空中線電力は必要最小限。,完全な交信は1点。県外局同士は無得点。同一バンドでは電波形式が異なっても1交信のみ有効。,支部公式PDFで同内容を再照合。保存HTMLは主催クラブ掲載の転載。
38,oidemase_yamaguchi,第25回おいでませオール山口コンテスト,2026,https://jarl33yamaguchi.jimdofree.com/お知らせのコーナー/令和８年度の行事/第25回おいでませオール山口コンテスト規約/,user attachment:2026oiddemaseallyamaguchicontestrule.pdf,all_yamaguchi_2026.pdf,電話：CQ 山口コンテスト／電信：CQ YG TEST,山口県内局・中国地方局：国内すべての局。4エリア外局：4エリアの局。,大会全体・大区分の追加上限は確認されず,山口県内局との交信は2点、中国地方局・エリア外局との交信は1点。HF以外は同一バンドの電話と電信を別々に得点可。,
39,yamagata_sakuranbo,第8回山形さくらんぼQSOコンテスト,2026,https://jarlyamagata.ham-yamagata.com/wp-content/uploads/2026/02/n8-sakuranbo-annai.pdf,https://jarlyamagata.ham-yamagata.com/wp-content/uploads/2026/02/n8-sakuranbo-annai.pdf,yamagata_sakuranbo_2026.pdf,電話：県内局 CQ 山形コンテスト／県外局 CQ 山形コンテスト こちら県外局。電信：県内局 CQ YM TEST／県外局 CQ YMKG TEST。,山形県内局：国内局。県外局：山形県内局（県外局同士は無得点）。,大会全体・大区分の追加上限は確認されず,完全な交信は1点。県外局同士と同一バンドの重複交信は得点になりません。デジタルモード交信は禁止。,
40,yamanashi,第21回山梨コンテスト,2026,http://www.jarl17.org/wp/wp-content/uploads/2026/03/%E7%AC%AC21%E5%9B%9E%E5%B1%B1%E6%A2%A8%E3%82%B3%E3%83%B3%E3%83%86%E3%82%B9%E3%83%88%E8%A6%8F%E7%B4%84.pdf,http://www.jarl17.org/wp/wp-content/uploads/2026/03/%E7%AC%AC21%E5%9B%9E%E5%B1%B1%E6%A2%A8%E3%82%B3%E3%83%B3%E3%83%86%E3%82%B9%E3%83%88%E8%A6%8F%E7%B4%84.pdf,yamanashi_2026.pdf,電話：CQ 山梨コンテスト（県内局は「こちらは県内局」を付けても可）。電信：CQ YN TEST（県内局はCQ YNN TEST、県外局はCQ YNG TESTも可）。,県内・県外局との国内交信。県外局同士の交信も有効ですが、山梨県内局との交信が少なくとも1局必要です。,大会全体・大区分の追加上限は確認されず,山梨県内局との完全な交信は3点、県外局とは1点。同一バンドでも電信と電話はそれぞれ1交信ずつ有効。,
41,all_gifu,第29回オール岐阜コンテスト,2026,https://jarl-gifu.up.seesaa.net/image/E7ACAC29E59B9EE382AAE383BCE383ABE5B290E9989CE382B3E383B3E38386E382B9E38388E383BBE8A68FE7B484.pdf,https://jarl-gifu.up.seesaa.net/image/E7ACAC29E59B9EE382AAE383BCE383ABE5B290E9989CE382B3E383B3E38386E382B9E38388E383BBE8A68FE7B484.pdf,all_gifu_2026_web_extract.txt,県内局：電信 CQ TEST／電話 CQコンテスト。県外局：電信 CQ GF／電話 CQ岐阜県。,県内局：国内の陸上アマチュア局。県外局：岐阜県内で運用する局。,大会全体・大区分の追加上限は確認されず,コンテストナンバーを完全に送受した交信は1点。,
42,all_okayama,オール岡山コンテスト,2026,https://www.jarl.com/okayama/oy-test-rule-2026.html,https://www.jarl.com/okayama/oy-test-rule-2026.html,all_okayama_2026.html,電信・RTTY：県内局 CQ OY TEST、県外局 CQ OYX TEST。電話：CQ岡山コンテスト（県内局は県内局であることをアナウンス）。,県内局：国内で運用するすべてのアマチュア局。県外局：岡山県内で運用するアマチュア局。,大会全体・大区分の追加上限は確認されず,完全な交信は1点。RTTYも参加対象。同一バンドの再交信はモードが異なっても1回のみ有効で、相手局ログとの照合が成立することが条件。,
43,iwate_winter,第4回いわてWINTERコンテスト,2026,https://jarl-iwate.com/wp-content/uploads/51ea8f1a1ed0bc896ab5d5812937aeb2.pdf,https://jarl-iwate.com/wp-content/uploads/51ea8f1a1ed0bc896ab5d5812937aeb2.pdf,iwate_winter.pdf,電話：CQいわてウィンターコンテスト／電信：CQ IW TEST（県内局は県内局であることを送出）。,国内すべてのアマチュア局。,許可された出力の範囲内。移動局は最大50W。,岩手県内局は県内局との交信1点・県外局2点。岩手県外局は県外局との交信1点・県内局2点。,
44,shimane,第46回島根対全日本コンテスト,2026,https://jarl-shimane.jimdofree.com/事業計画/,,shimane_2026.pdf,県内局：電話 CQオールジャパン／電信 CQ AJ TEST。県外局：電話 CQ島根／電信 CQ SN TEST。,島根県内局：日本国内の局。県外局：島根県内局。,大会全体・大区分の追加上限は確認されず,有効な交信は1点。県内外局が規定条件で島根県内へ移動してHF部門に参加した場合は移動得点1000点を加算。同一バンドでも電波形式が異なれば別交信として得点可。,保存済み2026年主催規約PDF。公式直リンク未特定。
45,hiroshima_was,広島WASコンテスト,2026,https://hs-contest.org/was-2026-rule/,https://hs-contest.org/was-2026-rule/,hiroshima_was_2026.html,電信・デジタル：CQ WAS TEST／電話：CQ WASコンテスト（またはCQ広島コンテスト）。,県内局・県外局とも交信対象。県外局同士と海外局との交信も有効。,大会全体・大区分の追加上限は確認されず,広島県内局との交信5点、県外局との交信1点。電信・電話・デジタルの各モード群は同一バンドでもそれぞれ1交信ずつ有効。,
46,gigahertz,ギガヘルツコンテスト,2026,https://www.jarl.com/08test/contest/2026/ghz/rule.html,https://www.jarl.com/08test/contest/2026/ghz/rule.html,gigahertz_2026.html,電信：CQ GHZ TEST／電話：CQギガヘルツコンテスト,信越管内局：日本国内のアマチュア局。信越管外局：信越管内で運用するアマチュア局。,大会全体・大区分の追加上限は確認されず,1200MHz帯1点、2400MHz帯2点、5600MHz帯以上5点。CW・SSB・FMで電波型式が異なれば同一バンドの同一局でも得点可。デジタルモードは対象外。,
47,niigata_branch,第26回新潟コンテスト（7MHz・ハイバンド）,2026,https://www.jarl.com/08test/contest/2026/niigata/rule.html,https://www.jarl.com/08test/contest/2026/niigata/rule.html,niigata_2026.html,電話：県内局 CQ 新潟コンテスト／県外局 CQ 新潟コンテスト こちら県外局。電信：県内局 CQ NI TEST／県外局 CQ NIX TEST。,県内局：日本国内のアマチュア局。県外局：新潟県内で運用するアマチュア局。,大会全体・大区分の追加上限は確認されず,完全な交信は1点。同一局・同一バンドでも電信と電話はそれぞれ1交信ずつ有効。,
48,niigata_low_band,第26回新潟コンテスト（ローバンド1.9/3.5MHz）,2026,https://www.jarl.com/08test/contest/2026/niigata/rule.html,https://www.jarl.com/08test/contest/2026/niigata/rule.html,niigata_2026.html,電話：県内局 CQ 新潟コンテスト／県外局 CQ 新潟コンテスト こちら県外局。電信：県内局 CQ NI TEST／県外局 CQ NIX TEST。,県内局：日本国内のアマチュア局。県外局：新潟県内で運用するアマチュア局。,大会全体・大区分の追加上限は確認されず,完全な交信は1点。同一局・同一バンドでも電信と電話はそれぞれ1交信ずつ有効。,
49,tokyo_cw,東京CWコンテスト,2026,https://jarltokyo.com/_media/contest/contest_rules_cw_ver20260826.pdf,https://jarltokyo.com/_media/contest/contest_rules_cw_ver20260826.pdf,tokyo_cw_2026.pdf,電信：CQ TK TEST,都内局・都外局との国内交信が得点対象。,大会全体・大区分の追加上限は確認されず,相手が東京都内局なら2点、都外局なら1点。電信部門のみ。,
50,tokyo_uhf,東京UHFコンテスト,2026,https://jarltokyo.com/_media/contest/contest_rules_uhf_ver20260826.pdf,https://jarltokyo.com/_media/contest/contest_rules_uhf_ver20260826.pdf,tokyo_uhf_2026.pdf,電信：CQ TK TEST／電話：CQトウキョウコンテスト。,都内局・都外局との国内交信が得点対象。,大会全体・大区分の追加上限は確認されず,相手が東京都内局なら2点、都外局なら1点。10GHz帯種目は10.1GHzと10.4GHzの得点・マルチを別々に計算します。,
51,tokyo,東京コンテスト,2026,https://jarltokyo.com/_media/contest/contest_rules_ver20240331.pdf,https://jarltokyo.com/_media/contest/contest_rules_ver20240331.pdf,tokyo_rules_20240331_for_2026.pdf,電信：CQ TK TEST／電話：CQトウキョウコンテスト。,都内局・都外局との国内交信が得点対象。,大会全体・大区分の追加上限は確認されず,相手が東京都内局なら2点、都外局なら1点。,登録PDFは2024年改訂。2026年の東京コンテスト当時の規約として参照。東京都支部では2027年改訂準備を告知。
52,tochigi,第28回栃木コンテスト,2026,https://www.jarl.com/tochigi/contest/28tochicon_1.pdf,https://www.jarl.com/tochigi/contest/28tochicon_1.pdf,tochigi_2026.txt,電話：CQ 栃木コンテスト,県内局・県外局とも全国内局との交信が有効。県外局同士の交信も対象。,大会全体・大区分の追加上限は確認されず,ナンバーを完全に交換した交信は1点。,
53,oshima_hiyama,第34回JARL渡島檜山支部コンテスト,2026,https://ohs.hokkaido.jp/wp-content/uploads/2026/07/第34回-JARL-渡島檜山支部コンテスト規約.pdf,https://ohs.hokkaido.jp/wp-content/uploads/2026/07/%E7%AC%AC34%E5%9B%9E-JARL-%E6%B8%A1%E5%B3%B6%E6%AA%9C%E5%B1%B1%E6%94%AF%E9%83%A8%E3%82%B3%E3%83%B3%E3%83%86%E3%82%B9%E3%83%88%E8%A6%8F%E7%B4%84.pdf,oshima_hiyama_2026.pdf,電話：CQ 渡島檜山支部コンテスト／電信：CQ OH TEST,管内局：国内のアマチュア局。管外局：渡島檜山管内で運用する局。,大会全体・大区分の追加上限は確認されず,完全な交信は1点。音声の電話はデジタル音声も有効。同一バンドの同一局はマルチが変わっても1交信のみ得点。,
54,shiga,第30回ALL滋賀コンテスト,2026,https://www.jarl.com/shiga/shiga_con.html,https://www.jarl.com/shiga/shiga_con.html,shiga_2026.html,電信：県内局 CQ SI TEST／県外局 CQ SHIGA TEST。電話：CQ 滋賀コンテスト（県内局は県内局であることを送出）。,日本国内のアマチュア局。,大会全体・大区分の追加上限は確認されず,滋賀県内局との完全な交信は5点、県外局は1点。ただしJL3ZKVとの完全な交信は6点。,
55,all_kumamoto,2026オール熊本コンテスト,2026,https://www.jarl.com/kmtest/2026allkumamotoreg.pdf,https://www.jarl.com/kmtest/2026allkumamotoreg.pdf,all_kumamoto_2026.pdf,電信：県内局 CQ KM TEST／県外局 CQ KMO TEST。電話：CQ 熊本コンテスト（県内局は「県内局」を送出）。,県内局：国内で運用するアマチュア局。県外局：熊本県内で運用するアマチュア局。,個人局・社団局とも100W以下。,各バンドで異なる局との完全な交信は1点。同一バンドの電信と電話はそれぞれ得点可。,
56,ishikari,2026石狩後志支部コンテスト,2026,https://isb.jarl.pro/2026/05/12/post-1624/,https://isb.jarl.pro/2026/05/12/post-1624/,ishikari_2026.html,電信：CQ ISB TEST／電話：CQ 石狩後志支部コンテスト,管内局：全国のアマチュア局。管外局：石狩後志支部管内局。,大会全体・大区分の追加上限は確認されず,管内局・管外局とも対象相手との完全な交信は1点。同一バンドでは電波形式を変えても1交信のみ有効。,
57,kanagawa_emergency,第44回非常通信訓練コンテスト,2026,https://www.jarlkn.info/application/files/6917/7020/6189/44.pdf,https://www.jarlkn.info/application/files/6917/7020/6189/44.pdf,kanagawa_emergency_44_2026.pdf,電話：県内局 CQ神奈川訓練／県外局 CQ神奈川訓練 こちらは県外局,県内局：すべての国内局。県外局：神奈川県内で運用する局。,大会全体・大区分の追加上限は確認されず,ナンバーを完全に交換した交信は1点。同一バンドの同一局は電波形式を変えても1交信だけ得点対象。,
58,all_kanagawa,第55回オール神奈川コンテスト,2026,https://www.jarlkn.info/application/files/9917/7020/6189/55.pdf,https://www.jarlkn.info/application/files/9917/7020/6189/55.pdf,all_kanagawa_2026.pdf,県内局：電信 CQ KN TEST／電話 CQ神奈川コンテスト。県外局：電信 CQ KNX TEST／電話 CQ神奈川コンテスト こちらは県外局。,県内局：すべての国内局。県外局：神奈川県内で運用する局。,電話部門の全種目は原則10W以下。50～430MHz帯は20W以下、1200MHz帯は1W以下、2400MHz帯は2W以下。,ナンバーを完全に交換した交信は1点。同一バンドの同一局は電波形式を変えても1交信のみ得点対象。,
59,fukuoka,福岡コンテスト,2026,,user attachment: 2026-20th-fukuoka-contest-regulations.pdf,fukuoka_2026.pdf,県内局：電話 CQ福岡コンテスト／電信 CQ FO TEST。県外局：電話 CQ福岡コンテスト こちらは県外局／電信 CQ FOX TEST。,県内局・県外局とも国内局との交信が得点対象です。県外局同士の交信も1点として扱います。,固定局100W以下、移動局50W以下。,福岡県内局との完全な交信は3点、県外局との交信は1点。同一バンドの電信と電話は各1交信ずつ有効。,主催規約のユーザー提供PDF。公開公式URLは未特定。
60,all_akita,第40回オール秋田コンテスト,2026,,user attachment: オール秋田2026規約.pdf,all_akita_2026.pdf,電信：県内局 CQ AT TEST／県外局 CQ ATG TEST。電話：CQ オール秋田コンテスト（県内局は県内局であることを送出）。,県内局：県内を含む全国の局。県外局：秋田県内の局。,制限なし,完全な交信は1点。同一バンドでも電信と電話はそれぞれ得点可。,主催規約のユーザー提供PDF。公開公式URLは未特定。
61,all_gunma,第54回オール群馬コンテスト,2026,https://agc.akagi76.com/wp-content/uploads/2026agcrule.pdf,https://agc.akagi76.com/wp-content/uploads/2026agcrule.pdf,all_gunma_2026.pdf,電信：県内局 CQ GM TEST／県外局 CQ GMO TEST。電話：CQ オール群馬コンテスト（県内局は群馬県を明示）。,県内局：県内・県外局。県外局：群馬県内局。,大会全体・大区分の追加上限は確認されず,電信の完全な交信は2点、電話は1点。同一バンドでは電波型式を変えても1交信のみ有効。,
62,iburi_hidaka,胆振日高コンテスト,2026,http://lake-toya.jp/iburihidaka/wp-content/uploads/2026/06/%E7%AC%AC51%E5%9B%9E%E8%83%86%E6%8C%AF%E6%97%A5%E9%AB%98%E6%94%AF%E9%83%A8%E3%82%B3%E3%83%B3%E3%83%86%E3%82%B9%E3%83%88%E8%A6%8F%E7%B4%84.pdf,http://lake-toya.jp/iburihidaka/wp-content/uploads/2026/06/%E7%AC%AC51%E5%9B%9E%E8%83%86%E6%8C%AF%E6%97%A5%E9%AB%98%E6%94%AF%E9%83%A8%E3%82%B3%E3%83%B3%E3%83%86%E3%82%B9%E3%83%88%E8%A6%8F%E7%B4%84.pdf,iburi_hidaka_2026.txt,電話：CQ 胆振日高コンテスト／CQ IHコンテスト／CQコンテスト。電信：CQ IH TEST。,管内局：国内のアマチュア局。管外局：胆振日高管内のアマチュア局。,大会全体・大区分の追加上限は確認されず,管内局・管外局とも対象相手との完全な交信は1点。,
63,all_kushiro,第45回オール釧根コンテスト,2026,https://www.jarl.com/senkon/kn_pdf/45con_%E8%A6%8F%E4%BF%AE%E6%AD%A33_1.pdf,https://www.jarl.com/senkon/kn_pdf/45con_%E8%A6%8F%E4%BF%AE%E6%AD%A33_1.pdf,all_kushiro_2026.pdf,電信：CQ SK TEST／電話：CQ オール釧根コンテスト,管内局：管内局を含む国内局。管外局・SWL：釧路・根室振興局管内のアマチュア局。,大会全体・大区分の追加上限は確認されず,完全な交信は1点。同一バンドの同一局は電波形式が違っても重複得点になりません。,
64,nagasaki,2026長崎県コンテスト,2026,https://www.jarl.com/nagasaki/nstest/2026ntst.pdf,https://www.jarl.com/nagasaki/nstest/2026ntst.pdf,nagasaki_2026.pdf,電信：県内局 CQ NS TEST／県外局 CQ NSX TEST。電話：CQ 長崎県コンテスト（県内局・県外局の区分を付加）。,県内局：日本国内のアマチュア局。県外局・SWL：長崎県内で運用するアマチュア局。,HFマルチバンドの電話部門は10W以下。,各バンドで異なる局との交信は1点。同一バンドでは電信・電話を変えても後の交信は重複扱い。,
65,all_ja0_160m,ALL JA0 1.8MHzコンテスト,2025,https://jarl-nn.asama-net.com/index.php?html_id=00000503,https://jarl-nn.asama-net.com/index.php?html_id=00000503,all_ja0_18_2025.html,公式規約に定型のCQ呼び出し指定なし。,国内局同士の交信が有効。,大会全体・大区分の追加上限は確認されず,0エリア管内局との交信3点、管外局との交信1点。登録大会は2025年の1.8MHz部門です。,
66,all_ja0_35,ALL JA0 3.5MHzコンテスト,2026,https://jarl-nn.asama-net.com/index.php?html_id=00000510,https://jarl-nn.asama-net.com/index.php?html_id=00000510,all_ja0_35_7_2026.html,公式規約に定型のCQ呼び出し指定なし。,国内局同士の交信が有効。,大会全体・大区分の追加上限は確認されず,0エリア管内局との交信3点、管外局との交信1点。,
67,all_ja0_7,ALL JA0 7MHzコンテスト,2026,https://jarl-nn.asama-net.com/index.php?html_id=00000510,https://jarl-nn.asama-net.com/index.php?html_id=00000510,all_ja0_35_7_2026.html,公式規約に定型のCQ呼び出し指定なし。,国内局同士の交信が有効。,大会全体・大区分の追加上限は確認されず,0エリア管内局との交信3点、管外局との交信1点。,
68,all_aomori,第20回オール青森コンテスト,2026,https://jarl-aomori.sakura.ne.jp/contest/all-aomori/,https://jarl-aomori.sakura.ne.jp/contest/all-aomori/,all_aomori_2026.html,電話：CQ 青森コンテスト（県内局は県内局と送出）。電信：県内局 CQ AMA TEST／県外局 CQ AM TEST。,県内局：すべての国内局。県外局：青森県内で運用する局。,大会全体・大区分の追加上限は確認されず,相手が青森県内の市なら1点、町なら2点、村なら3点。県内局から県外局への交信は1点。同一バンドの電信と電話はそれぞれ得点可。,
69,tsugaru_kaikyo,第24回津軽海峡コンテスト,2026,https://jarl-aomori.sakura.ne.jp/contest/tsugarukaikyou/,https://jarl-aomori.sakura.ne.jp/contest/tsugarukaikyou/,tsugarukaikyou_2026.html,電話：CQ津軽海峡コンテスト／電信：CQ TK TEST,管内局：国内のアマチュア局。管外局：青森県内または渡島・檜山地域で運用する局。,大会全体・大区分の追加上限は確認されず,管内局は津軽海峡を挟む渡島・檜山地域と青森県との交信3点、同一管内の局とは2点、その他1点。管外局は対象の管内局との交信1点。,
70,shizuoka,第35回静岡コンテスト,2026,https://www.jarl.com/shizuoka/35kiyaku.pdf,https://www.jarl.com/shizuoka/35kiyaku.pdf,shizuoka_35_2026.pdf,電信：県内局 CQ TEST／県外局 CQ S TEST。電話：CQ 静岡コンテスト（県内局は県内局であることを送出）。,県内局：国内のアマチュア局。県外局：静岡県内で運用する局。,大会全体・大区分の追加上限は確認されず,1.9～430MHz帯1点、1200MHz帯3点、2.4GHz帯5点、5.6GHz帯10点、10GHz帯以上20点。430MHz帯以下のQRP局との交信は2倍。QRP局同士は4点になる場合があります。,
71,all_tottori,オール鳥取コンテスト,2026,https://www.jarl.com/tottori/files/2026tttest_rules.pdf,https://www.jarl.com/tottori/files/2026tttest_rules.pdf,all_tottori_2026.pdf,県外局：電話 CQ 鳥取コンテスト／電信 CQ TTX TEST。県内局：電話 CQ 鳥取コンテスト こちらは県内局／電信 CQ TT TEST。,県内局：鳥取県内を含む国内の局。県外局：鳥取県内局。,大会全体・大区分の追加上限は確認されず,完全な交信は1点。電信電話種目では同一バンドの同一局でも電信・電話をそれぞれ1点として計上可。,
72,kagoshima,第36回鹿児島コンテスト,2026,https://www.jarl.com/kagoshima/contest/26/kiyaku.pdf,https://www.jarl.com/kagoshima/contest/26/kiyaku.pdf,kagoshima_2026.pdf,電話：CQ 鹿児島コンテストの後に県内・県外・県人局の区分。電信：県内局 CQ KG TEST／県人局 CQ KJ TEST／県外局 CQ KX TEST。,県内局・県人局：国内で運用する局。県外局：県内局と県人局。,100W以下（シングルオペ・マルチオペ共通）。100W超はチェックログ扱い。,完全な交信は1点。同一局・同一バンドでも電信と電話は各1交信ずつ有効。,
73,cq-wpx-cw,CQ World Wide WPX CW,2026,https://cqwpx.com/rules.htm,https://cqwpx.com/rules/,wpx_rules_2026.txt,公式規約に定型のCQ呼び出し指定なし。,世界中のアマチュア局。,大会全体・大区分の追加上限は確認されず,異なる大陸：14/21/28MHz帯3点、1.8/3.5/7MHz帯6点。同大陸の異なる国：高い3バンド1点、低い3バンド2点（北米局同士の例外あり）。同一国内：全バンド1点。CW部門。,
74,cq-wpx-ssb,CQ World Wide WPX SSB,2026,https://cqwpx.com/rules.htm,https://cqwpx.com/rules/,wpx_rules_2026.txt,公式規約に定型のCQ呼び出し指定なし。,世界中のアマチュア局。,大会全体・大区分の追加上限は確認されず,異なる大陸：14/21/28MHz帯3点、1.8/3.5/7MHz帯6点。同大陸の異なる国：高い3バンド1点、低い3バンド2点（北米局同士の例外あり）。同一国内：全バンド1点。SSB部門。,保存した公式ルールのSSB開催日の表記は2025とあり、登録年2026との齟齬。得点本文は確認。
75,cq-wpx-rtty,CQ World Wide WPX RTTY,2026,https://cqwpxrtty.com/rules.htm,https://cqwpxrtty.com/rules.htm,wpx_rtty_rules_2026.txt,公式規約に定型のCQ呼び出し指定なし。,世界中のアマチュア局。RTTYモードで交信。,大会全体・大区分の追加上限は確認されず,RTTYで異なる大陸：14/21/28MHz帯3点、3.5/7MHz帯6点。同大陸の異なる国：高い3バンド2点、低い2バンド4点。同一国内：高い3バンド1点、低い2バンド2点。,
76,cq-160-cw,CQ World Wide 160 Meter CW,2026,https://cq160.com/rules.htm,https://cq160.com/rules/index.htm,cq160_rules_2026.txt,公式規約に定型のCQ呼び出し指定なし。,世界中のアマチュア局。160m帯の電信交信。,大会全体・大区分の追加上限は確認されず,同一国内の局2点、同大陸の異なる国5点、異なる大陸10点。海上移動局との交信は5点（マルチにはなりません）。,
77,cq-160-ssb,CQ World Wide 160 Meter SSB,2026,https://cq160.com/rules.htm,https://cq160.com/rules/index.htm,cq160_rules_2026.txt,公式規約に定型のCQ呼び出し指定なし。,世界中のアマチュア局。160m帯のSSB交信。,大会全体・大区分の追加上限は確認されず,同一国内の局2点、同大陸の異なる国5点、異なる大陸10点。海上移動局との交信は5点（マルチにはなりません）。,
78,cq-ww-cw,CQ World Wide CW,2025,https://cqww.com/rules.htm,https://cqww.com/rules.htm,cqww_rules_2025.txt,公式規約に定型のCQ呼び出し指定なし。,世界中のアマチュア局。CWで交信。,大会全体・大区分の追加上限は確認されず,異なる大陸3点、同大陸の異なる国1点（北米局の例外あり）、同一国内0点（ゾーン・国マルチには算入可）。登録大会は2025年。,
79,cq-ww-ssb,CQ World Wide SSB,2025,https://cqww.com/rules.htm,https://cqww.com/rules.htm,cqww_rules_2025.txt,公式規約に定型のCQ呼び出し指定なし。,世界中のアマチュア局。SSBで交信。,大会全体・大区分の追加上限は確認されず,異なる大陸3点、同大陸の異なる国1点（北米局の例外あり）、同一国内0点（ゾーン・国マルチには算入可）。登録大会は2025年。,
80,cq-ww-rtty,CQ World Wide RTTY,2026,https://cqwwrtty.com/rules.htm,https://cqwwrtty.com/rules.htm,cqww_rtty_rules_2026.txt,公式規約に定型のCQ呼び出し指定なし。,世界中のアマチュア局。RTTYで交信。,大会全体・大区分の追加上限は確認されず,RTTYで異なる大陸3点、同大陸の異なる国2点、同一国内1点。,
81,cq-vhf-digi,CQ World Wide VHF Digital,2026,https://cqww-vhf.com/rules.htm,https://cqww-vhf.com/rules/,cqvhf_rules_2026.txt,公式規約に定型のCQ呼び出し指定なし。,世界中のアマチュア局。デジタル開催はFT4・FT8・MSK144・Q65等のデジタルモードのみ。,大会全体・大区分の追加上限は確認されず,50MHz帯1点、144MHz帯2点。ローバーは移動先グリッドで別交信として得点になる場合があります。,
82,cq-vhf-ssbcw,CQ World Wide VHF SSB/CW/FM,2026,https://cqww-vhf.com/rules.htm,https://cqww-vhf.com/rules/,cqvhf_rules_2026.txt,公式規約に定型のCQ呼び出し指定なし。,世界中のアマチュア局。SSB/CW/FM開催はこれらアナログのモードのみ（デジタル開催は別大会）。,大会全体・大区分の追加上限は確認されず,50MHz帯1点、144MHz帯2点。ローバーは移動先グリッドで別交信として得点になる場合があります。,
83,ww-digi,World Wide Digi DX,2026,https://ww-digi.com/rules/,https://ww-digi.com/rules/,wwdigi_rules_web_2026.txt,公式規約に定型のCQ呼び出し指定なし。,世界中のアマチュア局。FT4・FT8で交信。,大会全体・大区分の追加上限は確認されず,1交信1点に、相互のグリッドスクエア中心間距離3000kmごとに1点を加算（短距離経路で計算）。同一局・同一バンドはFT4とFT8を通して1回のみ得点。,
84,scalg-6m-cw,第39回エスカルゴ6m CWコンテスト,2026,https://scalg6mcw.web.fc2.com/2026_sc_kiyaku_01a.html,https://scalg6mcw.web.fc2.com/2026_sc_kiyaku_01a.html,scalg_6m_cw_2026.html,電信：CQ SC TEST,50MHz帯の電信で交信する局。,大会全体・大区分の追加上限は確認されず,完全な交信は1点。SWLの完全な受信も1点。,
85,all_okayama_ft,オール岡山FT8/FT4,2026,https://www.jarl.com/okayama/oy-ft8-test-rule-2026.html,https://www.jarl.com/okayama/oy-ft8-test-rule-2026.html,okayama_ft8_2026.html,FT8/FT4：CQ OYT,県内局：国内すべてのアマチュア局。県外局：岡山県内局。,大会全体・大区分の追加上限は確認されず,FT8/FT4による完全な交信は1点。同一バンドの重複はFT8とFT4を変えても1回のみ有効。相手局のログ提出がない交信は得点になりません。,
86,kcj-topband,第42回KCJトップバンドコンテスト,2026,https://kcj-cw.com/contest/rule/2026_42_top_ja_t.pdf,https://kcj-cw.com/contest/rule/2026_42_top_ja_t.pdf,kcj_topband_2026.pdf,公式規約に定型のCQ呼び出し指定なし。,国内局・国外局とのCW交信。,大会全体・大区分の追加上限は確認されず,国内局は国内局との交信1点・国外局2点。国外局は国内局2点・国外局1点。提出ログの相互照合が一致した交信のみ有効。,
87,kcj,第47回KCJコンテスト,2026,https://kcj-cw.com/contest/rule/2026_47_kcj_ja_t.pdf,https://kcj-cw.com/contest/rule/2026_47_kcj_ja_t.pdf,kcj_2026.pdf,公式規約に定型のCQ呼び出し指定なし。,国内局・国外局とのCW交信。,大会全体・大区分の追加上限は確認されず,国内局は国内局との交信1点・国外局2点。国外局は国内局2点・国外局1点。提出ログの相互照合が一致した交信のみ有効。,
